"2018 Per Pupil Expenditures, All Funds ",,,,,,,,
District Name,District Code,In-District Expenditures,Total In-district FTEs,In-District Expenditures per Pupil,Total Expenditures,Total Pupil FTEs,Total Expenditures per Pupil,
Abby Kelley Foster Charter Public (District),04450000,"          $20,082,710.55","           1,424.9","              $14,094.02","          $20,082,710.55","           1,424.9","              $14,094.02",
Abington,00010000,"          $27,401,268.06","           2,035.5","              $13,461.69","          $31,082,174.03","           2,139.6","              $14,527.10",
Academy Of the Pacific Rim Charter Public (District),04120000,"          $10,228,767.00",             525.1,"              $19,478.91","          $10,228,767.00",             525.1,"              $19,478.91",
Acton-Boxborough,06000000,"          $81,006,084.03","           5,632.3","              $14,382.42","          $90,445,893.59","           5,761.7","              $15,697.78",
Acushnet,00030000,"          $12,335,199.66",             970.4,"              $12,711.46","          $16,266,437.91","           1,285.8","              $12,650.83",
Adams-Cheshire,06030000,"          $18,900,557.75","           1,202.2","              $15,721.64","          $21,089,177.35","           1,418.1","              $14,871.43",
Advanced Math and Science Academy Charter (District),04300000,"          $14,976,389.43",             990.2,"              $15,125.37","          $14,976,389.43",             990.2,"              $15,125.37",
Agawam,00050000,"          $61,066,265.11","           3,840.0","              $15,902.67","          $66,245,259.79","           3,955.6","              $16,747.21",
Alma del Mar Charter School (District),04090000,"           $6,596,129.50",             408.1,"              $16,163.81","           $6,596,129.50",             408.1,"              $16,163.81",
Amesbury,00070000,"          $33,209,080.50","           2,122.6","              $15,645.47","          $37,327,984.50","           2,268.4","              $16,455.64",
Amherst,00080000,"          $25,555,099.00","           1,162.6","              $21,980.99","          $27,591,635.95","           1,270.5","              $21,717.15",
Amherst-Pelham,06050000,"          $29,334,476.00","           1,341.7","              $21,863.66","          $33,478,446.57","           1,511.4","              $22,150.62",
Andover,00090000,"         $100,499,377.00","           5,955.1","              $16,876.19","         $109,339,466.27","           6,079.2","              $17,985.83",
Argosy Collegiate Charter School (District),35090000,"           $5,742,052.87",             397.1,"              $14,458.87","           $5,742,052.87",             397.1,"              $14,458.87",
Arlington,00100000,"          $76,491,851.22","           5,712.7","              $13,389.79","          $85,549,467.08","           5,861.9","              $14,594.15",
Ashburnham-Westminster,06100000,"          $29,429,291.99","           2,375.6","              $12,388.15","          $30,732,880.08","           2,454.1","              $12,523.08",
Ashland,00140000,"          $37,488,089.02","           2,762.2","              $13,571.82","          $41,303,475.60","           2,854.5","              $14,469.60",
Assabet Valley Regional Vocational Technical,08010000,"          $22,862,408.00","           1,138.8","              $20,075.88","          $22,950,059.23","           1,139.8","              $20,135.16",
Athol-Royalston,06150000,"          $21,625,737.02","           1,497.7","              $14,439.30","          $26,165,146.14","           1,884.0","              $13,888.08",
Atlantis Charter (District),04910000,"          $15,453,770.00","           1,209.8","              $12,774.14","          $15,453,770.00","           1,209.8","              $12,774.14",
Attleboro,00160000,"          $78,205,508.73","           5,881.8","              $13,296.19","          $86,732,845.92","           6,349.8","              $13,659.15",
Auburn,00170000,"          $34,387,611.21","           2,591.8","              $13,267.85","          $35,654,327.15","           2,648.2","              $13,463.61",
Avon,00180000,"          $11,523,146.00",             723.6,"              $15,924.75","          $12,450,158.54",             744.5,"              $16,722.85",
Ayer Shirley School District,06160000,"          $24,145,636.92","           1,693.1","              $14,261.20","          $28,813,991.93","           1,943.1","              $14,828.88",
Barnstable,00200000,"          $77,871,232.36","           4,833.4","              $16,111.07","          $88,673,255.07","           5,625.6","              $15,762.45",
Barnstable Community Horace Mann Charter Public (District),04270000,"           $3,769,775.00",             303.1,"              $12,439.45","           $3,769,775.00",             303.1,"              $12,439.45",
Baystate Academy Charter Public School (District),35020000,"           $7,060,859.00",             440.7,"              $16,021.92","           $7,060,859.00",             440.7,"              $16,021.92",
Bedford,00230000,"          $46,308,487.16","           2,631.9","              $17,595.08","          $50,864,772.86","           2,690.8","              $18,903.22",
Belchertown,00240000,"          $30,556,572.02","           2,306.1","              $13,250.32","          $33,760,552.79","           2,486.9","              $13,575.36",
Bellingham,00250000,"          $34,045,801.31","           2,265.6","              $15,027.28","          $38,570,307.17","           2,475.4","              $15,581.44",
Belmont,00260000,"          $58,317,100.50","           4,578.7","              $12,736.61","          $66,904,967.75","           4,696.3","              $14,246.31",
Benjamin Banneker Charter Public (District),04200000,"           $7,929,866.11",             350.6,"              $22,617.99","           $7,929,866.11",             350.6,"              $22,617.99",
Benjamin Franklin Classical Charter Public (District),04470000,"           $6,434,071.75",             445.2,"              $14,453.72","           $6,434,071.75",             445.2,"              $14,453.72",
Bentley Academy Charter School (District),35110000,"           $4,149,178.42",             286.0,"              $14,507.59","           $4,149,178.42",             286.0,"              $14,507.59",
Berkley,00270000,"          $10,481,830.00",             921.7,"              $11,372.28","          $10,759,763.00",             933.8,"              $11,522.56",
Berkshire Arts and Technology Charter Public (District),04140000,"           $6,098,146.14",             350.7,"              $17,389.49","           $6,098,146.14",             350.7,"              $17,389.49",
Berkshire Hills,06180000,"          $25,890,990.58","           1,239.4","              $20,889.94","          $28,126,286.67","           1,360.8","              $20,668.93",
Berlin,00280000,"           $3,858,673.71",             181.1,"              $21,306.87","           $3,953,392.43",             187.5,"              $21,084.76",
Berlin-Boylston,06200000,"           $8,334,298.00",             588.2,"              $14,169.16","          $10,108,002.31",             636.4,"              $15,883.10",
Beverly,00300000,"          $61,304,378.49","           4,548.1","              $13,479.12","          $69,646,336.33","           4,726.5","              $14,735.29",
Billerica,00310000,"          $76,966,823.00","           4,782.3","              $16,094.10","          $83,639,836.65","           5,049.2","              $16,564.97",
Blackstone Valley Regional Vocational Technical,08050000,"          $23,729,895.90","           1,232.0","              $19,261.28","          $23,751,401.85","           1,236.0","              $19,216.34",
Blackstone-Millville,06220000,"          $23,353,305.00","           1,694.3","              $13,783.45","          $25,743,434.34","           1,820.6","              $14,140.08",
Blue Hills Regional Vocational Technical,08060000,"          $20,314,304.40",             890.3,"              $22,817.37","          $20,314,306.25",             890.3,"              $22,817.37",
Boston,00350000,"       $1,215,099,780.00","          53,415.9","              $22,747.90","       $1,473,857,399.82","          67,288.3","              $21,903.62",
Boston Collegiate Charter (District),04490000,"          $13,461,648.53",             697.2,"              $19,307.33","          $13,461,648.53",             697.2,"              $19,307.33",
Boston Day and Evening Academy Charter (District),04240000,"           $6,377,020.49",             401.6,"              $15,880.45","           $6,377,020.49",             401.6,"              $15,880.45",
Boston Green Academy Horace Mann Charter School (District),04110000,"           $7,683,791.86",             469.1,"              $16,381.61","           $7,683,791.86",             469.1,"              $16,381.61",
Boston Preparatory Charter Public (District),04160000,"          $10,079,221.00",             459.6,"              $21,931.85","          $10,079,221.00",             459.6,"              $21,931.85",
Boston Renaissance Charter Public (District),04810000,"          $19,411,756.00",             942.8,"              $20,590.35","          $19,411,756.00",             942.8,"              $20,590.35",
Bourne,00360000,"          $30,662,202.00","           1,959.8","              $15,645.58","          $35,454,622.77","           2,246.4","              $15,782.86",
Boxford,00380000,"          $13,089,333.00",             731.7,"              $17,888.93","          $13,728,741.43",             739.1,"              $18,574.94",
Boylston,00390000,"           $3,779,873.35",             290.4,"              $13,016.09","           $4,376,325.35",             319.7,"              $13,688.85",
Braintree,00400000,"          $82,526,210.53","           5,875.8","              $14,045.10","          $88,696,483.65","           5,966.8","              $14,865.00",
Brewster,00410000,"           $9,664,536.00",             471.1,"              $20,514.83","          $10,231,608.17",             507.3,"              $20,168.75",
Bridge Boston Charter School (District),04170000,"           $6,581,544.00",             309.9,"              $21,241.07","           $6,581,544.00",             309.9,"              $21,241.07",
Bridgewater-Raynham,06250000,"          $68,656,636.62","           5,350.4","              $12,832.06","          $75,718,813.53","           5,562.9","              $13,611.39",
Brimfield,00430000,"           $4,205,281.00",             294.0,"              $14,303.68","           $4,850,490.92",             305.9,"              $15,856.46",
Bristol County Agricultural,09100000,"           $9,827,818.69",             456.5,"              $21,528.63","           $9,827,819.95",             456.5,"              $21,528.63",
Bristol-Plymouth Regional Vocational Technical,08100000,"          $24,562,785.25","           1,309.8","              $18,753.08","          $24,638,731.47","           1,322.6","              $18,629.01",
Brockton,00440000,"         $236,236,972.74","          16,523.3","              $14,297.20","         $258,885,443.62","          17,864.9","              $14,491.29",
Brooke Charter School (District),04280000,"          $33,077,120.52","           1,752.8","              $18,871.23","          $33,077,120.52","           1,752.8","              $18,871.23",
Brookfield,00450000,"           $3,916,523.00",             315.3,"              $12,421.58","           $4,168,659.00",             323.4,"              $12,890.10",
Brookline,00460000,"         $152,516,727.00","           7,831.4","              $19,475.03","         $157,466,500.46","           7,904.2","              $19,921.88",
Burlington,00480000,"          $69,835,113.91","           3,511.4","              $19,888.11","          $78,897,855.19","           3,627.5","              $21,749.93",
Cambridge,00490000,"         $191,472,825.72","           6,938.0","              $27,597.70","         $224,445,900.62","           7,603.3","              $29,519.54",
Canton,00500000,"          $51,805,681.06","           3,313.9","              $15,632.84","          $57,094,335.06","           3,386.2","              $16,860.89",
Cape Cod Lighthouse Charter (District),04320000,"           $4,198,416.00",             242.1,"              $17,339.51","           $4,198,416.00",             242.1,"              $17,339.51",
Cape Cod Regional Vocational Technical,08150000,"          $15,583,461.20",             582.1,"              $26,771.11","          $15,618,202.19",             585.1,"              $26,693.22",
Carlisle,00510000,"          $11,901,469.77",             616.4,"              $19,308.03","          $12,620,915.80",             629.4,"              $20,052.30",
Carver,00520000,"          $22,845,000.91","           1,566.7","              $14,581.61","          $25,084,827.23","           1,652.7","              $15,178.09",
Central Berkshire,06350000,"          $26,599,391.66","           1,610.2","              $16,519.31","          $28,880,888.38","           1,834.4","              $15,744.05",
Chelmsford,00560000,"          $68,763,044.92","           5,010.5","              $13,723.79","          $78,677,232.10","           5,261.3","              $14,953.95",
Chelsea,00570000,"          $83,437,501.67","           6,292.4","              $13,260.04","         $108,159,352.12","           7,373.7","              $14,668.26",
Chesterfield-Goshen,06320000,"           $2,470,255.00",             137.6,"              $17,952.43","           $2,596,662.84",             154.8,"              $16,774.31",
Chicopee,00610000,"         $112,864,905.41","           7,536.7","              $14,975.37","         $119,450,646.26","           8,052.2","              $14,834.54",
Christa McAuliffe Charter Public (District),04180000,"           $7,170,916.00",             396.6,"              $18,082.35","           $7,170,916.00",             396.6,"              $18,082.35",
City on a Hill Charter Public School Circuit Street (District),04370000,"           $8,180,595.00",             276.7,"              $29,569.13","           $8,180,595.00",             276.7,"              $29,569.13",
City on a Hill Charter Public School Dudley Square (District),35040000,"           $5,248,919.33",             265.0,"              $19,805.00","           $5,248,919.33",             265.0,"              $19,805.00",
City on a Hill Charter Public School New Bedford (District),35070000,"           $4,125,298.07",             228.7,"              $18,039.61","           $4,125,298.07",             228.7,"              $18,039.61",
Clarksburg,00630000,"           $2,530,195.00",             187.4,"              $13,501.57","           $3,312,444.44",             246.9,"              $13,416.14",
Clinton,00640000,"          $24,613,143.33","           1,848.7","              $13,313.76","          $30,724,346.04","           2,156.9","              $14,244.68",
Codman Academy Charter Public (District),04380000,"           $7,876,753.82",             344.1,"              $22,888.89","           $7,876,753.82",             344.1,"              $22,888.89",
Cohasset,00650000,"          $25,251,855.75","           1,578.1","              $16,001.43","          $27,114,208.15","           1,599.3","              $16,953.80",
Collegiate Charter School of Lowell (District),35030000,"           $8,444,218.46",             755.9,"              $11,171.67","           $8,444,218.46",             755.9,"              $11,171.67",
Community Charter School of Cambridge (District),04360000,"           $7,596,662.00",             361.7,"              $21,003.24","           $7,596,662.00",             361.7,"              $21,003.24",
Community Day Charter Public School - Gateway (District),04260000,"           $5,337,465.00",             319.7,"              $16,693.14","           $5,337,465.00",             319.7,"              $16,693.14",
Community Day Charter Public School - Prospect (District),04400000,"           $6,842,144.00",             399.9,"              $17,109.21","           $6,842,144.00",             399.9,"              $17,109.21",
Community Day Charter Public School - R. Kingman Webster (District),04310000,"           $4,739,301.00",             319.8,"              $14,819.58","           $4,739,301.00",             319.8,"              $14,819.58",
Concord,00670000,"          $39,531,845.65","           2,103.9","              $18,789.79","          $42,794,390.32","           2,148.7","              $19,916.41",
Concord-Carlisle,06400000,"          $25,677,748.96","           1,265.3","              $20,293.80","          $29,554,691.73","           1,315.2","              $22,471.63",
Conservatory Lab Charter (District),04390000,"           $8,077,446.42",             446.2,"              $18,101.94","           $8,077,446.42",             446.2,"              $18,101.94",
Conway,00680000,"           $2,652,828.00",             138.8,"              $19,112.59","           $2,779,759.60",             152.8,"              $18,192.14",
Danvers,00710000,"          $54,664,903.58","           3,486.1","              $15,680.82","          $59,747,277.88","           3,594.5","              $16,621.86",
Dartmouth,00720000,"          $48,140,603.57","           3,681.4","              $13,076.71","          $52,649,664.22","           3,760.2","              $14,001.83",
Dedham,00730000,"          $51,561,575.38","           2,672.9","              $19,290.50","          $55,884,639.29","           2,754.1","              $20,291.43",
Deerfield,00740000,"           $5,814,641.00",             407.8,"              $14,258.56","           $6,205,520.92",             443.5,"              $13,992.16",
Dennis-Yarmouth,06450000,"          $51,328,466.58","           3,000.6","              $17,106.07","          $56,065,968.42","           3,553.6","              $15,777.23",
Dighton-Rehoboth,06500000,"          $40,343,699.50","           2,895.1","              $13,935.17","          $43,392,005.95","           2,963.8","              $14,640.67",
Douglas,00770000,"          $17,187,513.68","           1,296.7","              $13,254.81","          $20,244,393.82","           1,396.2","              $14,499.64",
Dover,00780000,"           $9,752,956.99",             496.9,"              $19,627.61","          $12,166,096.25",             506.1,"              $24,038.92",
Dover-Sherborn,06550000,"          $24,174,137.17","           1,175.0","              $20,573.73","          $25,388,616.28","           1,210.7","              $20,970.20",
Dracut,00790000,"          $41,541,654.22","           3,584.9","              $11,587.95","          $48,877,695.13","           3,965.2","              $12,326.67",
Dudley Street Neighborhood Charter School (District),04070000,"           $5,248,696.46",             288.1,"              $18,215.90","           $5,248,696.46",             288.1,"              $18,215.90",
Dudley-Charlton Reg,06580000,"          $46,863,906.45","           3,931.6","              $11,919.81","          $50,590,275.67","           4,032.0","              $12,547.19",
Duxbury,00820000,"          $45,826,750.52","           3,070.1","              $14,926.79","          $47,728,899.52","           3,121.8","              $15,288.90",
East Bridgewater,00830000,"          $27,479,090.11","           2,290.1","              $11,999.08","          $30,246,793.73","           2,369.1","              $12,767.21",
East Longmeadow,00870000,"          $38,308,309.98","           2,670.8","              $14,343.38","          $42,304,355.02","           2,762.9","              $15,311.58",
Eastham,00850000,"           $4,672,117.00",             176.9,"              $26,411.06","           $4,752,005.00",             191.4,"              $24,827.61",
Easthampton,00860000,"          $22,347,240.80","           1,557.0","              $14,352.76","          $27,570,761.31","           1,870.3","              $14,741.36",
Easton,00880000,"          $49,188,987.20","           3,704.1","              $13,279.61","          $53,352,585.35","           3,794.6","              $14,060.13",
Edgartown,00890000,"          $10,468,247.64",             351.9,"              $29,747.79","          $11,737,056.87",             437.6,"              $26,821.43",
Edward M. Kennedy Academy for Health Careers (Horace Mann Charter) (District),04520000,"           $7,957,408.00",             367.8,"              $21,636.13","           $7,957,408.00",             367.8,"              $21,636.13",
Erving,00910000,"           $4,191,791.00",             144.3,"              $29,049.14","           $5,817,928.37",             249.5,"              $23,318.35",
Essex North Shore Agricultural and Technical School District,08170000,"          $25,127,687.50","           1,346.8","              $18,657.33","          $25,544,950.11","           1,354.8","              $18,855.14",
Everett,00930000,"          $99,385,161.00","           7,111.1","              $13,976.06","         $117,385,768.88","           8,052.4","              $14,577.74",
Excel Academy Charter (District),04100000,"          $20,481,807.00","           1,126.1","              $18,188.59","          $20,481,807.00","           1,126.1","              $18,188.59",
Fairhaven,00940000,"          $24,455,359.60","           2,053.6","              $11,908.53","          $26,504,962.11","           2,104.5","              $12,594.42",
Fall River,00950000,"         $148,831,642.00","          10,174.2","              $14,628.34","         $179,686,431.21","          12,051.3","              $14,910.13",
Falmouth,00960000,"          $61,475,261.48","           3,370.0","              $18,241.92","          $66,213,578.23","           3,554.1","              $18,630.20",
Farmington River Reg,06620000,"           $3,369,338.63",             125.5,"              $26,847.32","           $4,854,924.54",             268.4,"              $18,088.39",
Fitchburg,00970000,"          $71,497,578.34","           5,300.8","              $13,488.07","          $87,566,076.33","           6,051.2","              $14,470.86",
Florida,00980000,"           $1,635,890.00",              83.2,"              $19,662.14","           $1,772,414.68",              96.8,"              $18,310.07",
Four Rivers Charter Public (District),04130000,"           $3,860,411.00",             221.1,"              $17,463.97","           $3,860,411.00",             221.1,"              $17,463.97",
Foxborough,00990000,"          $43,372,859.11","           2,606.5","              $16,640.27","          $47,725,183.06","           2,754.6","              $17,325.63",
Foxborough Regional Charter (District),04460000,"          $18,306,366.96","           1,462.2","              $12,519.66","          $18,306,366.96","           1,462.2","              $12,519.66",
Framingham,01000000,"         $156,299,773.00","           8,770.5","              $17,821.08","         $182,205,782.06","           9,495.7","              $19,188.24",
Francis W. Parker Charter Essential (District),04780000,"           $6,500,729.69",             396.6,"              $16,390.32","           $6,500,729.69",             396.6,"              $16,390.32",
Franklin,01010000,"          $71,381,014.97","           5,290.1","              $13,493.32","          $83,573,865.43","           5,740.1","              $14,559.65",
Franklin County Regional Vocational Technical,08180000,"          $12,082,993.96",             465.2,"              $25,973.76","          $12,086,893.96",             466.0,"              $25,937.54",
Freetown-Lakeville,06650000,"          $36,091,488.51","           2,810.3","              $12,842.57","          $39,768,346.93","           2,930.8","              $13,569.11",
Frontier,06700000,"          $11,367,044.29",             626.5,"              $18,143.73","          $13,671,932.38",             728.8,"              $18,759.51",
Gardner,01030000,"          $30,901,123.15","           2,338.8","              $13,212.38","          $34,665,179.80","           2,692.0","              $12,877.11",
Gateway,06720000,"          $14,854,427.00",             830.7,"              $17,881.82","          $16,014,793.86",             936.3,"              $17,104.34",
Georgetown,01050000,"          $19,171,100.84","           1,392.9","              $13,763.44","          $20,838,782.20","           1,431.8","              $14,554.25",
Gill-Montague,06740000,"          $17,689,926.80",             972.4,"              $18,192.03","          $21,282,987.84","           1,285.8","              $16,552.33",
Global Learning Charter Public (District),04960000,"           $7,582,905.00",             505.5,"              $15,002.29","           $7,582,905.00",             505.5,"              $15,002.29",
Gloucester,01070000,"          $49,358,832.94","           2,931.8","              $16,835.68","          $55,919,791.40","           3,313.1","              $16,878.39",
Grafton,01100000,"          $38,603,916.05","           3,133.0","              $12,321.71","          $41,348,859.86","           3,241.1","              $12,757.66",
Granby,01110000,"           $9,578,305.29",             712.4,"              $13,445.12","          $10,969,229.69",             806.6,"              $13,599.34",
Greater Fall River Regional Vocational Technical,08210000,"          $28,318,360.00","           1,427.8","              $19,833.56","          $28,367,809.67","           1,437.3","              $19,736.87",
Greater Lawrence Regional Vocational Technical,08230000,"          $32,894,436.10","           1,473.7","              $22,320.99","          $32,971,410.51","           1,510.6","              $21,826.70",
Greater Lowell Regional Vocational Technical,08280000,"          $44,158,619.07","           2,269.9","              $19,453.99","          $44,360,563.12","           2,307.2","              $19,227.01",
Greater New Bedford Regional Vocational Technical,08250000,"          $41,907,658.73","           2,114.6","              $19,818.24","          $41,927,558.70","           2,118.6","              $19,790.22",
Greenfield,01140000,"          $25,848,666.86","           1,700.3","              $15,202.42","          $32,484,051.47","           2,177.0","              $14,921.48",
Groton-Dunstable,06730000,"          $36,403,829.04","           2,428.6","              $14,989.64","          $39,631,361.74","           2,539.4","              $15,606.58",
Hadley,01170000,"           $8,302,567.36",             527.9,"              $15,727.54","          $10,925,670.07",             675.1,"              $16,183.78",
Halifax,01180000,"           $6,667,956.62",             602.3,"              $11,070.82","           $8,956,662.17",             643.3,"              $13,922.99",
Hamilton-Wenham,06750000,"          $29,717,876.90","           1,752.0","              $16,962.26","          $33,303,240.85","           1,813.7","              $18,362.04",
Hampden Charter School of Science East (District),04990000,"           $7,108,586.00",             489.8,"              $14,513.24","           $7,108,586.00",             489.8,"              $14,513.24",
Hampden-Wilbraham,06800000,"          $45,857,534.42","           3,068.2","              $14,946.07","          $48,790,942.17","           3,134.3","              $15,566.77",
Hampshire,06830000,"          $12,847,848.64",             701.5,"              $18,314.82","          $14,954,591.03",             811.8,"              $18,421.52",
Hancock,01210000,"             $784,550.06",              41.8,"              $18,769.14","           $1,376,754.20",              86.9,"              $15,842.97",
Hanover,01220000,"          $36,650,297.13","           2,616.9","              $14,005.23","          $39,119,785.13","           2,676.6","              $14,615.48",
Harvard,01250000,"          $18,473,019.05","           1,101.9","              $16,764.70","          $20,581,536.31","           1,142.4","              $18,016.05",
Hatfield,01270000,"           $6,275,620.00",             435.8,"              $14,400.23","           $7,378,356.95",             497.9,"              $14,818.95",
Haverhill,01280000,"          $99,885,857.00","           7,519.4","              $13,283.75","         $116,908,616.20","           8,712.2","              $13,418.95",
Hawlemont,06850000,"           $2,344,543.39",             162.7,"              $14,410.22","           $2,484,968.98",             186.4,"              $13,331.38",
Helen Y. Davis Leadership Academy Charter Public (District),04190000,"           $4,562,011.00",             214.3,"              $21,284.99","           $4,562,011.00",             214.3,"              $21,284.99",
Hill View Montessori Charter Public (District),04550000,"           $3,642,107.00",             301.9,"              $12,065.15","           $3,642,107.00",             301.9,"              $12,065.15",
Hilltown Cooperative Charter Public (District),04500000,"           $3,449,449.72",             218.0,"              $15,823.89","           $3,449,449.72",             218.0,"              $15,823.89",
Hingham,01310000,"          $56,129,125.81","           4,247.1","              $13,215.87","          $61,077,009.11","           4,327.4","              $14,114.02",
Holbrook,01330000,"          $17,071,716.71","           1,218.9","              $14,005.84","          $21,256,544.04","           1,315.6","              $16,157.30",
Holland,01350000,"           $3,037,219.00",             235.3,"              $12,907.86","           $3,527,897.00",             240.3,"              $14,681.22",
Holliston,01360000,"          $37,691,527.94","           2,903.9","              $12,979.62","          $42,259,960.69","           2,987.4","              $14,146.07",
Holyoke,01370000,"          $92,664,835.01","           5,404.8","              $17,144.91","         $114,051,473.36","           6,707.3","              $17,004.08",
Holyoke Community Charter (District),04530000,"          $10,914,249.21",             702.5,"              $15,536.74","          $10,914,249.21",             702.5,"              $15,536.74",
Hopedale,01380000,"          $15,853,877.00","           1,138.9","              $13,920.34","          $17,516,689.44","           1,214.1","              $14,427.72",
Hopkinton,01390000,"          $51,835,952.35","           3,565.8","              $14,536.98","          $54,608,015.64","           3,636.5","              $15,016.64",
Hudson,01410000,"          $42,389,892.02","           2,654.9","              $15,966.66","          $48,808,357.82","           2,852.8","              $17,108.93",
Hull,01420000,"          $18,505,762.00",             901.4,"              $20,530.02","          $21,328,485.53",             977.8,"              $21,812.73",
Innovation Academy Charter (District),04350000,"          $11,668,226.00",             800.8,"              $14,570.17","          $11,668,226.00",             800.8,"              $14,570.17",
Ipswich,01440000,"          $28,504,499.28","           1,701.6","              $16,751.59","          $30,998,420.08","           1,750.6","              $17,707.31",
KIPP Academy Boston Charter School (District),04630000,"          $11,794,332.08",             555.0,"              $21,252.96","          $11,794,332.08",             555.0,"              $21,252.96",
KIPP Academy Lynn Charter (District),04290000,"          $24,331,794.16","           1,330.6","              $18,286.74","          $24,331,794.16","           1,330.6","              $18,286.74",
King Philip,06900000,"          $28,474,433.40","           2,035.9","              $13,986.17","          $34,743,062.16","           2,132.4","              $16,292.94",
Kingston,01450000,"          $12,178,281.59","           1,029.9","              $11,824.72","          $16,735,889.61","           1,083.7","              $15,443.29",
Lanesborough,01480000,"           $4,022,918.19",             212.4,"              $18,940.29","           $4,430,123.20",             237.4,"              $18,661.01",
Lawrence,01490000,"         $204,761,965.20","          14,032.6","              $14,591.88","         $238,137,019.45","          15,886.0","              $14,990.37",
Lawrence Family Development Charter (District),04540000,"          $10,484,894.00",             737.0,"              $14,225.87","          $10,484,894.00",             737.0,"              $14,225.87",
Lee,01500000,"          $12,904,957.34",             688.3,"              $18,749.03","          $13,833,244.37",             794.0,"              $17,422.22",
Leicester,01510000,"          $20,249,411.70","           1,548.2","              $13,079.33","          $23,573,245.96","           1,719.3","              $13,710.96",
Lenox,01520000,"          $14,826,427.19",             748.4,"              $19,810.83","          $15,318,116.25",             786.5,"              $19,476.31",
Leominster,01530000,"          $79,918,088.00","           6,023.5","              $13,267.72","          $90,005,324.47","           6,476.9","              $13,896.36",
Leverett,01540000,"           $2,633,217.37",             128.6,"              $20,476.03","           $2,731,443.20",             136.6,"              $19,995.92",
Lexington,01550000,"         $128,569,376.17","           7,239.5","              $17,759.43","         $137,876,072.10","           7,354.5","              $18,747.17",
Libertas Academy Charter School (District),35140000,"           $1,730,115.06",              87.6,"              $19,759.19","           $1,730,115.06",              87.6,"              $19,759.19",
Lincoln,01570000,"          $26,888,758.12","           1,200.3","              $22,401.70","          $29,064,652.44","           1,240.7","              $23,426.01",
Lincoln-Sudbury,06950000,"          $28,115,986.85","           1,489.5","              $18,876.12","          $33,849,748.00","           1,554.3","              $21,778.13",
Littleton,01580000,"          $23,329,686.12","           1,656.8","              $14,081.17","          $27,803,720.45","           1,791.8","              $15,517.20",
Longmeadow,01590000,"          $41,563,555.23","           2,867.3","              $14,495.71","          $44,724,479.08","           2,930.2","              $15,263.29",
Lowell,01600000,"         $208,087,399.13","          14,575.0","              $14,277.01","         $243,286,326.57","          16,635.8","              $14,624.26",
Lowell Community Charter Public (District),04560000,"          $12,557,430.44",             805.4,"              $15,592.32","          $12,557,430.44",             805.4,"              $15,592.32",
Lowell Middlesex Academy Charter (District),04580000,"           $1,980,029.13",              96.1,"              $20,603.84","           $1,980,029.13",              96.1,"              $20,603.84",
Ludlow,01610000,"          $41,715,944.57","           2,629.0","              $15,867.61","          $44,753,449.29","           2,735.7","              $16,359.05",
Lunenburg,01620000,"          $22,175,145.81","           1,620.5","              $13,684.14","          $24,391,810.57","           1,763.9","              $13,828.34",
Lynn,01630000,"         $213,368,870.64","          15,552.1","              $13,719.62","         $248,538,262.41","          17,447.4","              $14,245.00",
Lynnfield,01640000,"          $33,703,540.09","           2,221.4","              $15,172.21","          $35,848,507.29","           2,256.3","              $15,888.18",
MATCH Charter Public School (District),04690000,"          $24,286,936.00","           1,217.6","              $19,947.06","          $24,286,936.00","           1,217.6","              $19,947.06",
Malden,01650000,"          $91,166,267.46","           6,501.2","              $14,022.99","         $111,592,884.68","           7,635.9","              $14,614.24",
Manchester Essex Regional,06980000,"          $24,589,295.95","           1,378.8","              $17,833.84","          $25,816,830.01","           1,407.4","              $18,343.63",
Mansfield,01670000,"          $59,683,199.08","           3,807.5","              $15,675.17","          $65,431,614.85","           3,944.5","              $16,588.06",
Marblehead,01680000,"          $48,947,395.61","           3,102.1","              $15,778.79","          $53,366,592.07","           3,320.8","              $16,070.40",
Marblehead Community Charter Public (District),04640000,"           $3,707,912.00",             229.4,"              $16,161.41","           $3,707,912.00",             229.4,"              $16,161.41",
Marion,01690000,"           $6,892,845.20",             455.9,"              $15,119.20","           $7,620,896.11",             467.6,"              $16,297.90",
Marlborough,01700000,"          $75,681,591.33","           4,639.8","              $16,311.39","          $90,798,118.77","           5,403.9","              $16,802.33",
Marshfield,01710000,"          $54,524,234.21","           4,135.2","              $13,185.39","          $59,274,862.12","           4,231.0","              $14,009.66",
Martha's Vineyard,07000000,"          $19,491,637.16",             631.7,"              $30,855.84","          $21,250,545.62",             674.7,"              $31,496.29",
Martha's Vineyard Charter (District),04660000,"           $5,172,765.00",             184.8,"              $27,997.21","           $5,172,765.00",             184.8,"              $27,997.21",
Martin Luther King Jr. Charter School of Excellence (District),04920000,"           $6,732,107.31",             356.6,"              $18,878.60","           $6,732,107.31",             356.6,"              $18,878.60",
Masconomet,07050000,"          $31,229,965.00","           1,792.6","              $17,421.60","          $34,405,163.87","           1,844.3","              $18,654.86",
Mashpee,01720000,"          $28,436,918.97","           1,643.4","              $17,303.71","          $31,748,813.75","           1,799.5","              $17,643.13",
Massachusetts Virtual Academy at Greenfield Commonwealth Virtual District,39010000,"           $4,525,355.50",             582.3,"               $7,771.52","           $4,525,355.50",             582.3,"               $7,771.52",
Mattapoisett,01730000,"           $8,196,473.47",             448.2,"              $18,287.54","           $9,181,940.90",             465.0,"              $19,746.11",
Maynard,01740000,"          $22,491,555.27","           1,386.0","              $16,227.67","          $26,083,395.13","           1,521.3","              $17,145.46",
Medfield,01750000,"          $39,631,461.19","           2,596.7","              $15,262.24","          $41,891,619.14","           2,636.4","              $15,889.71",
Medford,01760000,"          $76,865,198.57","           4,359.2","              $17,632.87","          $86,500,693.05","           4,808.2","              $17,990.24",
Medway,01770000,"          $31,891,126.18","           2,280.4","              $13,984.88","          $35,431,876.39","           2,380.0","              $14,887.34",
Melrose,01780000,"          $46,143,573.20","           3,905.1","              $11,816.23","          $51,776,744.33","           4,200.2","              $12,327.21",
Mendon-Upton,07100000,"          $34,515,326.23","           2,252.3","              $15,324.48","          $38,587,598.34","           2,361.0","              $16,343.75",
Methuen,01810000,"          $89,628,065.00","           6,978.6","              $12,843.27","         $103,900,065.55","           7,314.5","              $14,204.67",
Middleborough,01820000,"          $42,345,142.95","           2,971.2","              $14,251.87","          $46,168,203.15","           3,113.0","              $14,830.78",
Middleton,01840000,"          $12,102,576.00",             687.7,"              $17,598.63","          $12,546,140.00",             693.5,"              $18,091.05",
Milford,01850000,"          $59,833,116.64","           4,197.4","              $14,254.80","          $65,963,231.61","           4,503.2","              $14,648.08",
Millbury,01860000,"          $26,869,559.00","           1,706.5","              $15,745.42","          $29,146,301.99","           1,785.2","              $16,326.63",
Millis,01870000,"          $18,266,246.00","           1,284.9","              $14,216.08","          $19,725,620.63","           1,349.1","              $14,621.32",
Milton,01890000,"          $59,972,363.68","           4,185.3","              $14,329.29","          $66,128,041.49","           4,274.9","              $15,468.91",
Minuteman Regional Vocational Technical,08300000,"          $19,813,443.00",             564.3,"              $35,111.54","          $19,856,579.41",             568.1,"              $34,952.61",
Mohawk Trail,07170000,"          $18,557,127.00",             925.5,"              $20,050.92","          $21,228,527.09","           1,131.6","              $18,759.74",
Monomoy Regional School District,07120000,"          $34,697,634.85","           1,873.6","              $18,519.23","          $38,163,997.95","           2,180.4","              $17,503.21",
Monson,01910000,"          $15,269,369.00",             929.7,"              $16,423.97","          $17,034,723.56","           1,019.0","              $16,717.10",
Montachusett Regional Vocational Technical,08320000,"          $27,420,394.05","           1,413.9","              $19,393.45","          $27,737,432.68","           1,467.5","              $18,901.15",
Mount Greylock,07150000,"          $10,348,495.00",             531.5,"              $19,470.36","          $11,509,124.72",             579.3,"              $19,867.30",
Mystic Valley Regional Charter (District),04700000,"          $20,118,558.00","           1,563.7","              $12,866.24","          $20,118,558.00","           1,563.7","              $12,866.24",
Nahant,01960000,"           $2,733,406.22",             148.2,"              $18,444.04","           $4,484,315.22",             270.1,"              $16,602.43",
Nantucket,01970000,"          $35,658,480.00","           1,625.4","              $21,938.28","          $36,670,824.84","           1,636.0","              $22,414.93",
Narragansett,07200000,"          $18,335,704.00","           1,449.3","              $12,651.42","          $20,848,449.80","           1,606.0","              $12,981.60",
Nashoba,07250000,"          $53,555,039.55","           3,314.1","              $16,159.75","          $57,332,650.26","           3,455.9","              $16,589.79",
Nashoba Valley Regional Vocational Technical,08520000,"          $14,257,308.19",             695.2,"              $20,508.21","          $14,272,308.45",             695.2,"              $20,529.79",
Natick,01980000,"          $84,116,373.62","           5,474.1","              $15,366.25","          $92,303,763.18","           5,630.6","              $16,393.24",
Nauset,06600000,"          $29,551,080.00","           1,467.8","              $20,132.91","          $33,299,864.29","           1,607.9","              $20,710.16",
Needham,01990000,"          $97,724,271.00","           5,677.5","              $17,212.55","         $104,781,981.92","           5,773.5","              $18,148.78",
Neighborhood House Charter (District),04440000,"          $10,975,827.30",             551.7,"              $19,895.28","          $10,975,827.30",             551.7,"              $19,895.28",
New Bedford,02010000,"         $177,913,726.00","          12,735.6","              $13,969.80","         $201,876,071.69","          14,190.2","              $14,226.44",
New Heights Charter School of Brockton (District),35130000,"           $5,953,744.11",             417.5,"              $14,259.10","           $5,953,744.11",             417.5,"              $14,259.10",
New Salem-Wendell,07280000,"           $2,859,762.02",             158.9,"              $17,997.24","           $2,902,612.02",             167.3,"              $17,349.74",
Newburyport,02040000,"          $36,543,971.96","           2,260.7","              $16,164.89","          $41,857,883.87","           2,483.9","              $16,851.68",
Newton,02070000,"         $237,983,377.00","          12,893.4","              $18,457.77","         $252,956,051.72","          13,041.7","              $19,395.94",
Norfolk,02080000,"          $14,767,440.00",             962.0,"              $15,350.77","          $15,060,976.00",             973.4,"              $15,472.55",
Norfolk County Agricultural,09150000,"          $12,391,065.04",             534.7,"              $23,173.86","          $12,391,065.14",             534.7,"              $23,173.86",
North Adams,02090000,"          $23,886,894.59","           1,425.1","              $16,761.56","          $27,121,494.98","           1,626.7","              $16,672.71",
North Andover,02110000,"          $58,751,990.19","           4,846.9","              $12,121.56","          $64,952,770.61","           4,944.5","              $13,136.37",
North Attleborough,02120000,"          $52,800,393.78","           4,271.9","              $12,359.93","          $57,704,076.74","           4,468.2","              $12,914.39",
North Brookfield,02150000,"           $8,382,193.95",             564.1,"              $14,859.41","           $9,347,971.61",             688.4,"              $13,579.27",
North Middlesex,07350000,"          $46,103,807.86","           3,042.0","              $15,155.76","          $52,504,447.38","           3,272.0","              $16,046.59",
North Reading,02170000,"          $37,255,989.95","           2,478.2","              $15,033.49","          $40,126,021.80","           2,529.1","              $15,865.73",
Northampton,02100000,"          $39,007,016.00","           2,689.3","              $14,504.52","          $45,292,959.28","           2,982.2","              $15,187.77",
Northampton-Smith Vocational Agricultural,04060000,"          $10,984,366.17",             488.9,"              $22,467.51","          $10,984,367.62",             488.9,"              $22,467.51",
Northboro-Southboro,07300000,"          $23,691,854.15","           1,433.4","              $16,528.43","          $25,085,405.53","           1,475.1","              $17,005.90",
Northborough,02130000,"          $27,811,397.65","           1,647.3","              $16,883.02","          $30,425,723.63","           1,723.8","              $17,650.38",
Northbridge,02140000,"          $30,233,466.34","           2,149.8","              $14,063.39","          $34,641,346.30","           2,349.4","              $14,744.76",
Northeast Metropolitan Regional Vocational Technical,08530000,"          $26,479,890.87","           1,211.1","              $21,864.33","          $26,479,890.99","           1,211.1","              $21,864.33",
Northern Berkshire Regional Vocational Technical,08510000,"          $10,267,146.08",             474.4,"              $21,642.38","          $10,290,176.66",             476.4,"              $21,599.87",
Norton,02180000,"          $34,545,729.37","           2,460.4","              $14,040.70","          $39,836,332.95","           2,631.8","              $15,136.54",
Norwell,02190000,"          $33,304,531.75","           2,167.1","              $15,368.25","          $36,411,837.16","           2,212.8","              $16,455.10",
Norwood,02200000,"          $54,216,558.20","           3,420.9","              $15,848.62","          $61,033,724.11","           3,543.5","              $17,224.14",
Oak Bluffs,02210000,"           $9,721,354.00",             427.4,"              $22,745.33","          $10,624,257.85",             483.0,"              $21,996.39",
Old Colony Regional Vocational Technical,08550000,"          $11,737,742.00",             524.7,"              $22,370.39","          $11,756,017.23",             527.1,"              $22,303.20",
Old Rochester,07400000,"          $19,447,030.49","           1,254.4","              $15,503.05","          $19,565,451.47","           1,269.9","              $15,407.08",
Old Sturbridge Academy Charter Public School (District),35150000,"           $2,493,586.44",             159.9,"              $15,598.56","           $2,493,586.44",             159.9,"              $15,598.56",
Orange,02230000,"           $8,576,723.00",             591.0,"              $14,512.22","           $9,591,859.63",             682.1,"              $14,062.25",
Orleans,02240000,"           $5,197,072.10",             226.8,"              $22,914.78","           $5,364,756.10",             237.8,"              $22,559.95",
Oxford,02260000,"          $22,243,717.18","           1,686.2","              $13,191.62","          $25,619,269.41","           1,829.6","              $14,002.66",
Palmer,02270000,"          $20,319,468.05","           1,393.5","              $14,581.61","          $23,119,287.58","           1,514.2","              $15,268.32",
Pathfinder Regional Vocational Technical,08600000,"          $14,105,550.96",             605.1,"              $23,311.11","          $14,261,237.22",             620.5,"              $22,983.46",
Paulo Freire Social Justice Charter School (District),35010000,"           $4,646,119.70",             289.2,"              $16,066.53","           $4,646,119.70",             289.2,"              $16,066.53",
Peabody,02290000,"          $84,204,940.00","           5,924.0","              $14,214.20","          $93,082,776.61","           6,142.1","              $15,154.88",
Pelham,02300000,"           $2,324,775.00",             127.2,"              $18,276.53","           $2,457,180.30",             139.0,"              $17,677.56",
Pembroke,02310000,"          $39,202,597.59","           2,891.3","              $13,558.81","          $43,579,665.53","           3,037.6","              $14,346.74",
Pentucket,07450000,"          $36,340,452.00","           2,458.6","              $14,780.95","          $40,131,026.95","           2,560.7","              $15,671.90",
Petersham,02340000,"           $1,859,036.00",             116.4,"              $15,971.10","           $2,045,338.00",             131.5,"              $15,553.90",
Phoenix Academy Public Charter High School Springfield (District),35080000,"           $2,788,469.25",             190.5,"              $14,634.56","           $2,788,469.25",             190.5,"              $14,634.56",
Phoenix Charter Academy (District),04930000,"           $4,606,064.00",             197.0,"              $23,381.04","           $4,606,064.00",             197.0,"              $23,381.04",
Pioneer Charter School of Science (District),04940000,"           $9,644,826.08",             669.3,"              $14,409.46","           $9,644,826.08",             669.3,"              $14,409.46",
Pioneer Charter School of Science II (PCSS-II) (District),35060000,"           $5,067,028.69",             353.0,"              $14,353.38","           $5,067,028.69",             353.0,"              $14,353.38",
Pioneer Valley,07500000,"          $14,415,876.90",             774.2,"              $18,620.35","          $15,852,772.56",             867.2,"              $18,280.41",
Pioneer Valley Chinese Immersion Charter (District),04970000,"           $8,055,301.28",             492.7,"              $16,350.63","           $8,055,301.28",             492.7,"              $16,350.63",
Pioneer Valley Performing Arts Charter Public (District),04790000,"           $6,699,867.00",             401.4,"              $16,693.33","           $6,699,867.00",             401.4,"              $16,693.33",
Pittsfield,02360000,"          $87,181,650.00","           5,502.4","              $15,844.30","          $96,597,180.55","           6,235.3","              $15,491.99",
Plainville,02380000,"          $11,628,425.52",             713.8,"              $16,290.87","          $12,755,419.62",             748.5,"              $17,041.31",
Plymouth,02390000,"         $128,481,983.00","           7,507.5","              $17,113.82","         $143,401,471.03","           8,171.8","              $17,548.33",
Plympton,02400000,"           $3,292,843.81",             204.5,"              $16,101.93","           $4,056,866.54",             223.1,"              $18,184.07",
Prospect Hill Academy Charter (District),04870000,"          $22,687,405.40","           1,150.8","              $19,715.15","          $22,687,405.40","           1,150.8","              $19,715.15",
Provincetown,02420000,"           $4,716,395.28",             119.7,"              $39,401.80","           $5,435,842.06",             175.9,"              $30,903.02",
Quabbin,07530000,"          $33,410,621.20","           2,209.6","              $15,120.66","          $37,538,065.15","           2,384.9","              $15,739.89",
Quaboag Regional,07780000,"          $18,483,918.00","           1,342.0","              $13,773.41","          $19,696,169.39","           1,431.4","              $13,760.07",
Quincy,02430000,"         $145,317,848.34","           9,388.4","              $15,478.45","         $163,061,409.93","           9,633.8","              $16,925.97",
Ralph C Mahar,07550000,"          $12,226,040.00",             772.9,"              $15,818.40","          $14,706,677.50",             867.9,"              $16,945.13",
Randolph,02440000,"          $50,481,426.03","           2,866.2","              $17,612.67","          $61,150,343.35","           3,414.5","              $17,909.02",
Reading,02460000,"          $55,080,005.07","           4,175.1","              $13,192.50","          $60,588,390.40","           4,266.2","              $14,201.96",
Revere,02480000,"         $100,063,019.07","           7,568.3","              $13,221.33","         $119,116,803.83","           8,060.4","              $14,778.03",
Richmond,02490000,"           $3,421,743.43",             178.6,"              $19,158.70","           $4,021,258.47",             218.1,"              $18,437.68",
Rising Tide Charter Public (District),04830000,"           $9,883,724.93",             661.5,"              $14,940.71","           $9,883,724.93",             661.5,"              $14,940.71",
River Valley Charter (District),04820000,"           $4,511,587.00",             288.0,"              $15,665.23","           $4,511,587.00",             288.0,"              $15,665.23",
Rochester,02500000,"           $7,012,475.25",             505.6,"              $13,869.61","           $7,559,828.78",             516.6,"              $14,633.81",
Rockland,02510000,"          $34,181,194.34","           2,195.7","              $15,567.33","          $38,377,939.31","           2,380.3","              $16,123.15",
Rockport,02520000,"          $16,872,046.00",             918.2,"              $18,375.13","          $19,112,301.28",             957.2,"              $19,966.88",
Rowe,02530000,"           $1,742,695.00",              65.5,"              $26,606.03","           $2,210,385.24",              95.0,"              $23,267.21",
Roxbury Preparatory Charter (District),04840000,"          $25,159,274.25","           1,407.3","              $17,877.56","          $25,159,274.25","           1,407.3","              $17,877.56",
Sabis International Charter (District),04410000,"          $21,651,125.12","           1,570.4","              $13,786.66","          $21,651,125.12","           1,570.4","              $13,786.66",
Salem,02580000,"          $72,895,051.69","           3,736.9","              $19,506.82","          $89,300,893.07","           4,656.5","              $19,177.69",
Salem Academy Charter (District),04850000,"           $7,873,515.49",             474.2,"              $16,603.09","           $7,873,515.49",             474.2,"              $16,603.09",
Sandwich,02610000,"          $44,341,726.00","           2,616.1","              $16,949.55","          $51,380,959.40","           2,942.7","              $17,460.48",
Saugus,02620000,"          $41,216,962.23","           2,630.2","              $15,670.66","          $47,076,282.14","           2,884.4","              $16,321.00",
Savoy,02630000,"             $775,074.00",              54.2,"              $14,300.26","           $1,072,634.79",              85.9,"              $12,487.02",
Scituate,02640000,"          $44,346,416.29","           2,952.4","              $15,020.46","          $48,097,926.31","           3,006.9","              $15,995.85",
Seekonk,02650000,"          $30,835,026.63","           2,009.2","              $15,346.92","          $34,521,827.05","           2,059.9","              $16,758.98",
Seven Hills Charter Public (District),04860000,"           $9,956,035.00",             664.5,"              $14,982.07","           $9,956,035.00",             664.5,"              $14,982.07",
Sharon,02660000,"          $57,276,972.38","           3,573.0","              $16,030.50","          $61,182,915.78","           3,621.8","              $16,892.96",
Shawsheen Valley Regional Vocational Technical,08710000,"          $29,852,642.83","           1,274.3","              $23,426.70","          $29,915,010.82","           1,285.3","              $23,274.73",
Sherborn,02690000,"           $7,411,572.26",             428.0,"              $17,316.76","           $8,437,124.27",             433.5,"              $19,462.80",
Shrewsbury,02710000,"          $79,534,684.75","           6,147.5","              $12,937.73","          $87,662,358.17","           6,379.0","              $13,742.34",
Shutesbury,02720000,"           $2,804,171.00",             123.5,"              $22,705.84","           $2,989,763.92",             139.9,"              $21,370.72",
Silver Hill Horace Mann Charter (District),04770000,"           $4,634,462.97",             558.5,"               $8,298.05","           $4,634,462.97",             558.5,"               $8,298.05",
Silver Lake,07600000,"          $28,801,524.91","           1,854.3","              $15,532.29","          $29,649,966.33","           1,929.1","              $15,369.84",
Sizer School: A North Central Charter Essential (District),04740000,"           $5,815,691.64",             350.9,"              $16,574.12","           $5,815,691.64",             350.9,"              $16,574.12",
Somerset,02730000,"          $25,668,012.00","           1,808.2","              $14,195.34","          $27,725,357.92","           1,857.0","              $14,930.19",
Somerset Berkley Regional School District,07630000,"          $14,580,555.00",             978.2,"              $14,905.49","          $16,487,987.91","           1,022.2","              $16,129.90",
Somerville,02740000,"          $94,053,741.66","           4,889.4","              $19,236.25","         $110,189,659.89","           5,446.3","              $20,232.02",
South Hadley,02780000,"          $26,449,118.82","           1,908.6","              $13,857.86","          $30,519,906.06","           2,144.9","              $14,229.06",
South Middlesex Regional Vocational Technical,08290000,"          $19,143,407.49",             713.1,"              $26,845.33","          $19,143,407.35",             713.1,"              $26,845.33",
South Shore Charter Public (District),04880000,"          $12,193,477.40",             923.7,"              $13,200.55","          $12,193,477.40",             923.7,"              $13,200.55",
South Shore Regional Vocational Technical,08730000,"          $13,526,918.00",             639.8,"              $21,142.42","          $13,526,918.00",             639.8,"              $21,142.42",
Southampton,02750000,"           $6,076,635.15",             514.3,"              $11,815.35","           $7,235,060.69",             577.8,"              $12,521.74",
Southborough,02760000,"          $23,623,353.94","           1,307.4","              $18,068.96","          $25,697,545.62","           1,328.3","              $19,346.19",
Southbridge,02770000,"          $34,099,753.46","           2,050.9","              $16,626.73","          $39,527,477.52","           2,433.1","              $16,245.73",
Southeastern Regional Vocational Technical,08720000,"          $30,809,599.25","           1,509.3","              $20,413.17","          $30,819,598.45","           1,511.3","              $20,392.77",
Southern Berkshire,07650000,"          $16,183,135.12",             673.0,"              $24,046.26","          $17,172,033.37",             783.9,"              $21,905.90",
Southern Worcester County Regional Vocational Technical,08760000,"          $21,098,560.00","           1,085.6","              $19,434.93","          $21,303,454.93","           1,118.0","              $19,054.97",
Southwick-Tolland-Granville Regional School District,07660000,"          $21,899,997.12","           1,521.2","              $14,396.53","          $24,315,775.60","           1,622.7","              $14,984.76",
Spencer-E Brookfield,07670000,"          $22,057,041.00","           1,397.6","              $15,782.08","          $27,130,288.70","           1,694.8","              $16,007.96",
Springfield,02810000,"         $408,939,867.11","          25,776.4","              $15,864.89","         $483,216,706.27","          30,587.9","              $15,797.64",
Springfield Preparatory Charter School (District),35100000,"           $3,340,874.28",             210.4,"              $15,880.94","           $3,340,874.28",             210.4,"              $15,880.94",
Stoneham,02840000,"          $36,854,269.75","           2,328.3","              $15,828.83","          $41,483,596.59","           2,488.0","              $16,673.47",
Stoughton,02850000,"          $52,819,675.20","           3,542.6","              $14,909.86","          $59,058,170.48","           3,743.8","              $15,774.93",
Sturbridge,02870000,"          $12,095,814.00",             909.0,"              $13,306.73","          $14,342,947.24",             940.4,"              $15,251.96",
Sturgis Charter Public (District),04890000,"          $12,051,521.00",             819.1,"              $14,712.95","          $12,051,521.00",             819.1,"              $14,712.95",
Sudbury,02880000,"          $43,066,245.00","           2,701.1","              $15,943.97","          $45,864,515.00","           2,770.3","              $16,555.79",
Sunderland,02890000,"           $3,589,952.00",             236.0,"              $15,211.66","           $3,704,079.00",             253.0,"              $14,640.63",
Sutton,02900000,"          $19,092,201.68","           1,409.7","              $13,543.45","          $20,446,249.74","           1,451.3","              $14,088.23",
Swampscott,02910000,"          $35,061,895.00","           2,199.6","              $15,940.12","          $38,282,453.27","           2,268.4","              $16,876.41",
Swansea,02920000,"          $27,962,516.62","           2,075.2","              $13,474.61","          $29,214,884.49","           2,137.8","              $13,665.86",
TEC Connections Academy Commonwealth Virtual School District,39020000,"          $13,329,377.74","           1,692.6","               $7,875.09","          $13,329,377.74","           1,692.6","               $7,875.09",
Tantasqua,07700000,"          $25,684,249.00","           1,757.2","              $14,616.58","          $25,892,750.02","           1,795.7","              $14,419.31",
Taunton,02930000,"         $108,287,929.50","           8,092.4","              $13,381.44","         $116,899,685.01","           8,399.9","              $13,916.79",
Tewksbury,02950000,"          $56,048,311.59","           3,478.7","              $16,111.86","          $63,196,606.68","           3,658.0","              $17,276.27",
Tisbury,02960000,"           $8,460,525.64",             310.2,"              $27,274.42","           $9,383,112.90",             388.1,"              $24,177.05",
Topsfield,02980000,"          $10,596,822.00",             640.2,"              $16,552.36","          $10,871,301.00",             646.2,"              $16,823.43",
Tri-County Regional Vocational Technical,08780000,"          $20,347,193.21","           1,024.1","              $19,868.37","          $20,357,955.00","           1,024.1","              $19,878.87",
Triton,07730000,"          $41,303,793.77","           2,506.6","              $16,478.02","          $44,928,268.09","           2,662.1","              $16,877.00",
Truro,03000000,"           $4,555,898.18",             104.5,"              $43,597.11","           $6,993,634.31",             222.3,"              $31,460.34",
Tyngsborough,03010000,"          $24,564,878.00","           1,690.1","              $14,534.57","          $27,241,871.34","           1,824.7","              $14,929.51",
UP Academy Charter School of Boston (District),04800000,"           $7,899,684.62",             502.0,"              $15,735.58","           $7,899,684.62",             502.0,"              $15,735.58",
UP Academy Charter School of Dorchester (District),35050000,"          $10,611,003.79",             733.7,"              $14,461.92","          $10,611,003.79",             733.7,"              $14,461.92",
Up-Island Regional,07740000,"          $10,833,301.35",             400.8,"              $27,029.19","          $12,208,549.40",             459.4,"              $26,574.99",
Upper Cape Cod Regional Vocational Technical,08790000,"          $17,017,246.82",             791.5,"              $21,500.00","          $17,055,677.94",             798.5,"              $21,359.65",
Uxbridge,03040000,"          $25,935,107.00","           1,720.9","              $15,070.66","          $30,119,918.84","           1,960.0","              $15,367.31",
Veritas Preparatory Charter School (District),04980000,"           $5,815,591.82",             317.6,"              $18,313.94","           $5,815,591.82",             317.6,"              $18,313.94",
Wachusett,07750000,"          $88,501,506.92","           7,207.2","              $12,279.60","          $96,733,191.75","           7,440.6","              $13,000.72",
Wakefield,03050000,"          $50,749,408.61","           3,489.6","              $14,543.04","          $56,217,104.76","           3,605.1","              $15,593.77",
Wales,03060000,"           $2,138,463.00",             160.4,"              $13,332.06","           $2,402,999.00",             177.7,"              $13,522.79",
Walpole,03070000,"          $56,872,536.95","           3,812.2","              $14,918.56","          $62,189,367.91","           3,931.0","              $15,820.24",
Waltham,03080000,"         $115,980,765.60","           5,566.0","              $20,837.36","         $124,498,231.67","           5,750.8","              $21,648.85",
Ware,03090000,"          $17,448,670.00","           1,191.2","              $14,647.98","          $19,958,690.84","           1,389.6","              $14,362.90",
Wareham,03100000,"          $39,560,210.53","           2,311.6","              $17,113.78","          $46,125,516.76","           2,662.0","              $17,327.39",
Watertown,03140000,"          $52,172,567.50","           2,597.4","              $20,086.46","          $59,887,949.00","           2,747.8","              $21,794.87",
Wayland,03150000,"          $49,225,959.31","           2,718.6","              $18,107.10","          $52,028,230.40","           2,774.7","              $18,750.94",
Webster,03160000,"          $27,467,845.71","           1,865.5","              $14,724.12","          $31,375,150.17","           2,076.1","              $15,112.54",
Wellesley,03170000,"          $95,548,908.65","           5,002.2","              $19,101.38","         $103,454,101.88","           5,076.1","              $20,380.63",
Wellfleet,03180000,"           $3,595,786.58",             113.6,"              $31,653.05","           $3,776,942.82",             129.6,"              $29,143.08",
West Boylston,03220000,"          $14,171,833.31",             908.9,"              $15,592.29","          $16,489,961.94","           1,009.9","              $16,328.31",
West Bridgewater,03230000,"          $17,114,859.71","           1,292.8","              $13,238.60","          $18,670,128.88","           1,332.1","              $14,015.56",
West Springfield,03320000,"          $54,675,404.00","           4,184.7","              $13,065.55","          $60,750,887.98","           4,346.7","              $13,976.32",
Westborough,03210000,"          $59,285,173.51","           3,971.6","              $14,927.28","          $63,852,709.95","           4,031.4","              $15,838.84",
Westfield,03250000,"          $76,103,664.06","           5,421.3","              $14,037.90","          $81,922,837.20","           5,671.3","              $14,445.16",
Westford,03260000,"          $70,957,587.90","           5,066.8","              $14,004.42","          $76,239,621.69","           5,149.1","              $14,806.40",
Westhampton,03270000,"           $2,189,913.00",             121.5,"              $18,023.98","           $2,814,415.46",             155.4,"              $18,110.78",
Weston,03300000,"          $51,564,561.19","           2,104.3","              $24,504.38","          $54,255,566.22","           2,138.8","              $25,367.29",
Westport,03310000,"          $21,903,809.00","           1,439.2","              $15,219.43","          $23,692,586.96","           1,542.2","              $15,362.85",
Westwood,03350000,"          $56,839,965.62","           3,127.4","              $18,174.83","          $57,680,627.36","           3,150.2","              $18,310.15",
Weymouth,03360000,"          $90,796,831.67","           5,949.0","              $15,262.54","         $102,507,583.62","           6,331.9","              $16,189.07",
Whately,03370000,"           $2,166,266.00",             139.3,"              $15,551.08","           $2,457,275.91",             156.1,"              $15,741.68",
Whitman-Hanson,07800000,"          $49,260,602.49","           3,866.5","              $12,740.36","          $53,301,708.51","           3,982.0","              $13,385.66",
Whittier Regional Vocational Technical,08850000,"          $25,095,428.00","           1,216.7","              $20,625.81","          $25,162,598.00","           1,218.4","              $20,652.17",
Williamsburg,03400000,"           $2,688,359.56",             165.9,"              $16,204.70","           $3,385,886.58",             214.7,"              $15,770.31",
Williamstown,03410000,"           $7,971,745.96",             457.1,"              $17,439.83","           $8,082,150.67",             466.6,"              $17,321.37",
Wilmington,03420000,"          $52,852,441.94","           3,309.8","              $15,968.47","          $60,304,117.21","           3,394.1","              $17,767.34",
Winchendon,03430000,"          $17,234,157.57","           1,267.2","              $13,600.19","          $20,170,201.26","           1,468.2","              $13,738.05",
Winchester,03440000,"          $62,544,714.77","           4,649.5","              $13,451.92","          $66,570,999.84","           4,714.1","              $14,121.68",
Winthrop,03460000,"          $25,850,176.79","           1,987.0","              $13,009.65","          $27,758,470.33","           2,027.6","              $13,690.31",
Woburn,03470000,"          $77,684,082.81","           4,594.3","              $16,908.80","          $83,877,592.02","           4,748.0","              $17,665.88",
Worcester,03480000,"         $361,462,448.79","          25,559.2","              $14,142.17","         $415,444,077.55","          28,713.1","              $14,468.80",
Worthington,03490000,"           $1,084,616.00",              64.5,"              $16,815.75","           $1,947,618.60",             136.8,"              $14,236.98",
Wrentham,03500000,"          $15,967,284.89","           1,019.1","              $15,668.03","          $16,776,674.89","           1,047.4","              $16,017.45",
State Totals,00000000,"      $15,242,520,946.64","         955,244.1","              $15,956.68","      $16,286,859,879.55","         986,707.6","              $16,506.27",
